S.No,Date,Time,Sample,Month,Pagg,Gmb,Gmm,"Air-voids, Va",Binder Content,Density,Gse,Gsb,VMA,VFB,Vbe,VMB,Pba,Pbe,"Traffic, msa"
1,2019/09/16,Month 1,1,1,94.4,2.320,2.505,7.4,5.6,92.6,2.607,2.560,14.44,48.86,7.1,8.0,0.7,4.9,0.0260
2,2019/09/16,Month 1,2,1,94.4,2.329,2.505,7.0,5.6,93.0,2.607,2.560,14.11,50.20,7.1,7.6,0.7,4.9,0.0260
3,2019/09/16,Month 1,3,1,95.2,2.284,2.505,8.8,4.8,91.2,2.607,2.560,15.05,41.40,6.2,9.7,0.7,4.1,0.0260
4,2019/09/16,Month 1,4,1,95.2,2.286,2.505,8.7,4.8,91.3,2.607,2.560,14.98,41.64,6.2,9.6,0.7,4.1,0.0260
5,2019/09/16,Month 1,5,1,94.4,2.289,2.505,8.6,5.6,91.4,2.607,2.560,15.58,44.67,7.0,9.4,0.7,4.9,0.0260
6,2019/09/16,Month 1,6,1,94.4,2.287,2.505,8.7,5.6,91.3,2.607,2.560,15.66,44.42,7.0,9.5,0.7,4.9,0.0260
7,2019/09/16,Month 1,7,1,94.7,2.287,2.505,8.7,5.3,91.3,2.607,2.560,15.39,43.45,6.7,9.5,0.7,4.6,0.0260
8,2019/09/16,Month 1,8,1,94.7,2.283,2.505,8.9,5.3,91.1,2.607,2.560,15.54,42.96,6.7,9.7,0.7,4.6,0.0260
9,2019/09/16,Month 1,9,1,94.7,2.329,2.505,7.0,5.3,93.0,2.607,2.560,13.84,49.22,6.8,7.6,0.7,4.6,0.0260
10,2019/09/16,Month 1,10,1,94.7,2.342,2.505,6.5,5.3,93.5,2.607,2.560,13.35,51.28,6.8,7.0,0.7,4.6,0.0260
11,2019/10/18,Month 2,1,2,94.4,2.339,2.505,6.6,5.6,93.4,2.607,2.560,13.74,51.77,7.1,7.1,0.7,4.9,0.0521
12,2019/10/18,Month 2,2,2,94.4,2.338,2.505,6.7,5.6,93.3,2.607,2.560,13.78,51.61,7.1,7.1,0.7,4.9,0.0521
13,2019/10/18,Month 2,3,2,94.8,2.309,2.505,7.8,5.2,92.2,2.607,2.560,14.49,45.98,6.7,8.5,0.7,4.5,0.0521
14,2019/10/18,Month 2,4,2,94.8,2.321,2.505,7.3,5.2,92.7,2.607,2.560,14.04,47.69,6.7,7.9,0.7,4.5,0.0521
15,2019/10/18,Month 2,5,2,94.9,2.294,2.505,8.4,5.1,91.6,2.607,2.560,14.95,43.66,6.5,9.2,0.7,4.4,0.0521
16,2019/10/18,Month 2,6,2,94.9,2.295,2.505,8.4,5.1,91.6,2.607,2.560,14.91,43.79,6.5,9.2,0.7,4.4,0.0521
17,2019/10/18,Month 2,7,2,95.1,2.299,2.505,8.2,4.9,91.8,2.607,2.560,14.59,43.62,6.4,9.0,0.7,4.2,0.0521
18,2019/10/18,Month 2,8,2,95.1,2.356,2.505,5.9,4.9,94.1,2.607,2.560,12.47,52.30,6.5,6.3,0.7,4.2,0.0521
19,2019/10/18,Month 2,9,2,94.5,2.309,2.505,7.8,5.5,92.2,2.607,2.560,14.76,46.98,6.9,8.5,0.7,4.8,0.0521
20,2019/10/18,Month 2,10,2,94.5,2.319,2.505,7.4,5.5,92.6,2.607,2.560,14.39,48.39,7.0,8.0,0.7,4.8,0.0521
21,2019/11/19,Month 3,1,3,94.7,2.318,2.505,7.5,5.3,92.5,2.607,2.560,14.24,47.59,6.8,8.1,0.7,4.6,0.0783
22,2019/11/19,Month 3,2,3,94.7,2.335,2.505,6.8,5.3,93.2,2.607,2.560,13.61,50.15,6.8,7.3,0.7,4.6,0.0783
23,2019/11/19,Month 3,3,3,94.6,2.294,2.505,8.4,5.4,91.6,2.607,2.560,15.22,44.66,6.8,9.2,0.7,4.7,0.0783
24,2019/11/19,Month 3,4,3,94.7,2.360,2.505,5.8,5.3,94.2,2.607,2.560,12.69,54.38,6.9,6.1,0.7,4.6,0.0783
25,2019/11/19,Month 3,5,3,94.5,2.332,2.505,6.9,5.5,93.1,2.607,2.560,13.91,50.34,7.0,7.4,0.7,4.8,0.0783
26,2019/11/19,Month 3,6,3,94.5,2.321,2.505,7.3,5.5,92.7,2.607,2.560,14.31,48.68,7.0,7.9,0.7,4.8,0.0783
27,2019/11/19,Month 3,7,3,94.5,2.297,2.505,8.3,5.5,91.7,2.607,2.560,15.20,45.37,6.9,9.1,0.7,4.8,0.0783
28,2019/11/19,Month 3,8,3,94.5,2.313,2.505,7.7,5.5,92.3,2.607,2.560,14.61,47.53,6.9,8.3,0.7,4.8,0.0783
29,2019/11/19,Month 3,9,3,95.0,2.309,2.505,7.8,5.0,92.2,2.607,2.560,14.31,45.30,6.5,8.5,0.7,4.3,0.0783
30,2019/11/19,Month 3,10,3,95.0,2.339,2.505,6.6,5.0,93.4,2.607,2.560,13.19,49.77,6.6,7.1,0.7,4.3,0.0783
31,2019/12/24,Month 4,1,4,94.7,2.335,2.505,6.8,5.3,93.2,2.607,2.560,13.61,50.15,6.8,7.3,0.7,4.6,0.1047
32,2019/12/24,Month 4,2,4,94.7,2.335,2.505,6.8,5.3,93.2,2.607,2.560,13.61,50.15,6.8,7.3,0.7,4.6,0.1047
33,2019/12/24,Month 4,3,4,95.1,2.310,2.505,7.8,4.9,92.2,2.607,2.560,14.18,45.09,6.4,8.4,0.7,4.2,0.1047
34,2019/12/24,Month 4,4,4,95.1,2.332,2.505,6.9,4.9,93.1,2.607,2.560,13.36,48.31,6.5,7.4,0.7,4.2,0.1047
35,2019/12/24,Month 4,5,4,95.1,2.352,2.505,6.1,4.9,93.9,2.607,2.560,12.62,51.59,6.5,6.5,0.7,4.2,0.1047
36,2019/12/24,Month 4,6,4,95.1,2.345,2.505,6.4,4.9,93.6,2.607,2.560,12.88,50.40,6.5,6.8,0.7,4.2,0.1047
37,2019/12/24,Month 4,7,4,94.9,2.312,2.505,7.7,5.1,92.3,2.607,2.560,14.28,46.06,6.6,8.3,0.7,4.4,0.1047
38,2019/12/24,Month 4,8,4,94.9,2.338,2.505,6.7,5.1,93.3,2.607,2.560,13.32,49.95,6.7,7.1,0.7,4.4,0.1047
39,2019/12/24,Month 4,9,4,94.6,2.326,2.505,7.1,5.4,92.9,2.607,2.560,14.04,49.10,6.9,7.7,0.7,4.7,0.1047
40,2019/12/24,Month 4,10,4,94.6,2.351,2.505,6.1,5.4,93.9,2.607,2.560,13.11,53.12,7.0,6.6,0.7,4.7,0.1047
41,2020/01/28,Month 5,1,5,95.0,2.336,2.505,6.7,5.0,93.3,2.607,2.560,13.30,49.29,6.6,7.2,0.7,4.3,0.1312
42,2020/01/28,Month 5,2,5,95.0,2.327,2.505,7.1,5.0,92.9,2.607,2.560,13.64,47.89,6.5,7.6,0.7,4.3,0.1312
43,2020/01/28,Month 5,3,5,94.7,2.335,2.505,6.8,5.3,93.2,2.607,2.560,13.61,50.15,6.8,7.3,0.7,4.6,0.1312
44,2020/01/28,Month 5,4,5,94.7,2.341,2.505,6.5,5.3,93.5,2.607,2.560,13.39,51.11,6.8,7.0,0.7,4.6,0.1312
45,2020/01/28,Month 5,5,5,95.1,2.331,2.505,6.9,4.9,93.1,2.607,2.560,13.40,48.15,6.5,7.5,0.7,4.2,0.1312
46,2020/01/28,Month 5,6,5,95.1,2.366,2.505,5.5,4.9,94.5,2.607,2.560,12.10,54.13,6.5,5.9,0.7,4.2,0.1312
47,2020/01/28,Month 5,7,5,95.0,2.325,2.505,7.2,5.0,92.8,2.607,2.560,13.71,47.59,6.5,7.7,0.7,4.3,0.1312
48,2020/01/28,Month 5,8,5,95.0,2.325,2.505,7.2,5.0,92.8,2.607,2.560,13.71,47.59,6.5,7.7,0.7,4.3,0.1312
49,2020/01/28,Month 5,9,5,95.0,2.347,2.505,6.3,5.0,93.7,2.607,2.560,12.89,51.09,6.6,6.7,0.7,4.3,0.1312
50,2020/01/28,Month 5,10,5,95.0,2.364,2.505,5.6,5.0,94.4,2.607,2.560,12.26,54.10,6.6,6.0,0.7,4.3,0.1312
51,2020/02/27,Month 6,1,6,95.0,2.337,2.505,6.7,5.0,93.3,2.607,2.560,13.27,49.44,6.6,7.2,0.7,4.3,0.1578
52,2020/02/27,Month 6,2,6,95.0,2.347,2.505,6.3,5.0,93.7,2.607,2.560,12.89,51.09,6.6,6.7,0.7,4.3,0.1578
53,2020/02/27,Month 6,3,6,94.8,2.336,2.505,6.7,5.2,93.3,2.607,2.560,13.49,49.97,6.7,7.2,0.7,4.5,0.1578
54,2020/02/27,Month 6,4,6,94.8,2.346,2.505,6.3,5.2,93.7,2.607,2.560,13.12,51.60,6.8,6.8,0.7,4.5,0.1578
55,2020/02/27,Month 6,5,6,95.1,2.347,2.505,6.3,4.9,93.7,2.607,2.560,12.80,50.74,6.5,6.7,0.7,4.2,0.1578
56,2020/02/27,Month 6,6,6,95.1,2.357,2.505,5.9,4.9,94.1,2.607,2.560,12.43,52.47,6.5,6.3,0.7,4.2,0.1578
57,2020/02/27,Month 6,7,6,94.9,2.336,2.505,6.7,5.1,93.3,2.607,2.560,13.39,49.63,6.6,7.2,0.7,4.4,0.1578
58,2020/02/27,Month 6,8,6,94.9,2.322,2.505,7.3,5.1,92.7,2.607,2.560,13.91,47.49,6.6,7.9,0.7,4.4,0.1578
59,2020/02/27,Month 6,9,6,95.2,2.340,2.505,6.6,4.8,93.4,2.607,2.560,12.97,49.22,6.4,7.1,0.7,4.1,0.1578
60,2020/02/27,Month 6,10,6,95.2,2.342,2.505,6.5,4.8,93.5,2.607,2.560,12.90,49.55,6.4,7.0,0.7,4.1,0.1578
61,2020/09/09,Month 13,1,13,94.5,2.350,2.505,6.2,5.5,93.8,2.607,2.560,13.24,53.27,7.1,6.6,0.7,4.8,0.3478
62,2020/09/09,Month 13,2,13,94.5,2.337,2.505,6.7,5.5,93.3,2.607,2.560,13.72,51.13,7.0,7.2,0.7,4.8,0.3478
63,2020/09/09,Month 13,3,13,95.2,2.368,2.505,5.5,4.8,94.5,2.607,2.560,11.93,54.16,6.5,5.8,0.7,4.1,0.3478
64,2020/09/09,Month 13,4,13,95.2,2.329,2.505,7.0,4.8,93.0,2.607,2.560,13.38,47.49,6.4,7.6,0.7,4.1,0.3478
65,2020/09/09,Month 13,5,13,95.3,2.382,2.505,4.9,4.7,95.1,2.607,2.560,11.32,56.61,6.4,5.2,0.7,4.0,0.3478
66,2020/09/09,Month 13,6,13,95.3,2.330,2.505,7.0,4.7,93.0,2.607,2.560,13.25,47.29,6.3,7.5,0.7,4.0,0.3478
67,2020/09/09,Month 13,7,13,95.3,2.352,2.505,6.1,4.7,93.9,2.607,2.560,12.43,50.88,6.3,6.5,0.7,4.0,0.3478
68,2020/09/09,Month 13,8,13,95.3,2.345,2.505,6.4,4.7,93.6,2.607,2.560,12.69,49.68,6.3,6.8,0.7,4.0,0.3478
69,2020/09/09,Month 13,9,13,95.0,2.356,2.505,5.9,5.0,94.1,2.607,2.560,12.56,52.65,6.6,6.3,0.7,4.3,0.3478
70,2020/09/09,Month 13,10,13,95.0,2.342,2.505,6.5,5.0,93.5,2.607,2.560,13.08,50.25,6.6,7.0,0.7,4.3,0.3478
71,2020/10/20,Month 14,1,14,95.2,2.337,2.505,6.7,4.8,93.3,2.607,2.560,13.08,48.74,6.4,7.2,0.7,4.1,0.3755
72,2020/10/20,Month 14,2,14,95.1,2.326,2.505,7.1,4.9,92.9,2.607,2.560,13.58,47.39,6.4,7.7,0.7,4.2,0.3755
73,2020/10/20,Month 14,3,14,95.0,2.358,2.505,5.9,5.0,94.1,2.607,2.560,12.49,53.00,6.6,6.2,0.7,4.3,0.3755
74,2020/10/20,Month 14,4,14,95.1,2.342,2.505,6.5,4.9,93.5,2.607,2.560,12.99,49.90,6.5,7.0,0.7,4.2,0.3755
75,2020/10/20,Month 14,5,14,95.0,2.375,2.505,5.2,5.0,94.8,2.607,2.560,11.86,56.23,6.7,5.5,0.7,4.3,0.3755
76,2020/10/20,Month 14,6,14,95.2,2.352,2.505,6.1,4.8,93.9,2.607,2.560,12.53,51.24,6.4,6.5,0.7,4.1,0.3755
77,2020/10/20,Month 14,7,14,95.0,2.345,2.505,6.4,5.0,93.6,2.607,2.560,12.97,50.75,6.6,6.8,0.7,4.3,0.3755
78,2020/10/20,Month 14,8,14,95.2,2.371,2.505,5.3,4.8,94.7,2.607,2.560,11.82,54.74,6.5,5.7,0.7,4.1,0.3755
79,2020/10/20,Month 14,9,14,95.0,2.347,2.505,6.3,5.0,93.7,2.607,2.560,12.89,51.09,6.6,6.7,0.7,4.3,0.3755
80,2020/10/20,Month 14,10,14,95.0,2.354,2.505,6.0,5.0,94.0,2.607,2.560,12.63,52.29,6.6,6.4,0.7,4.3,0.3755
81,2020/11/12,Month 15,1,15,95.6,2.345,2.505,6.4,4.4,93.6,2.607,2.560,12.42,48.57,6.0,6.8,0.7,3.7,0.4033
82,2020/11/12,Month 15,2,15,95.6,2.349,2.505,6.2,4.4,93.8,2.607,2.560,12.27,49.25,6.0,6.6,0.7,3.7,0.4033
83,2020/11/12,Month 15,3,15,95.1,2.334,2.505,6.8,4.9,93.2,2.607,2.560,13.29,48.62,6.5,7.3,0.7,4.2,0.4033
84,2020/11/12,Month 15,4,15,95.1,2.326,2.505,7.1,4.9,92.9,2.607,2.560,13.58,47.39,6.4,7.7,0.7,4.2,0.4033
85,2020/11/12,Month 15,5,15,95.6,2.357,2.505,5.9,4.4,94.1,2.607,2.560,11.97,50.65,6.1,6.3,0.7,3.7,0.4033
86,2020/11/12,Month 15,6,15,95.6,2.364,2.505,5.6,4.4,94.4,2.607,2.560,11.71,51.93,6.1,6.0,0.7,3.7,0.4033
87,2020/11/12,Month 15,7,15,94.9,2.359,2.505,5.8,5.1,94.2,2.607,2.560,12.54,53.53,6.7,6.2,0.7,4.4,0.4033
88,2020/11/12,Month 15,8,15,94.9,2.353,2.505,6.1,5.1,93.9,2.607,2.560,12.76,52.46,6.7,6.5,0.7,4.4,0.4033
89,2020/11/12,Month 15,9,15,95.4,2.381,2.505,5.0,4.6,95.0,2.607,2.560,11.26,56.04,6.3,5.2,0.7,3.9,0.4033
90,2020/11/12,Month 15,10,15,95.4,2.366,2.505,5.5,4.6,94.5,2.607,2.560,11.82,53.05,6.3,5.9,0.7,3.9,0.4033
91,2020/12/10,Month 16,1,16,95.0,2.316,2.505,7.5,5.0,92.5,2.607,2.560,14.05,46.28,6.5,8.2,0.7,4.3,0.4313
92,2020/12/10,Month 16,2,16,95.2,2.314,2.505,7.6,4.8,92.4,2.607,2.560,13.94,45.30,6.3,8.3,0.7,4.1,0.4313
93,2020/12/10,Month 16,3,16,95.1,2.352,2.505,6.1,4.9,93.9,2.607,2.560,12.62,51.59,6.5,6.5,0.7,4.2,0.4313
94,2020/12/10,Month 16,4,16,95.4,2.306,2.505,7.9,4.6,92.1,2.607,2.560,14.06,43.48,6.1,8.6,0.7,3.9,0.4313
95,2020/12/10,Month 16,5,16,95.1,2.378,2.505,5.1,4.9,94.9,2.607,2.560,11.65,56.49,6.6,5.3,0.7,4.2,0.4313
96,2020/12/10,Month 16,6,16,95.2,2.393,2.505,4.5,4.8,95.5,2.607,2.560,11.00,59.36,6.5,4.7,0.7,4.1,0.4313
97,2020/12/10,Month 16,7,16,95.1,2.381,2.505,5.0,4.9,95.0,2.607,2.560,11.54,57.10,6.6,5.2,0.7,4.2,0.4313
98,2020/12/10,Month 16,8,16,95.1,2.380,2.505,5.0,4.9,95.0,2.607,2.560,11.58,56.90,6.6,5.3,0.7,4.2,0.4313
99,2020/12/10,Month 16,9,16,95.3,2.350,2.505,6.2,4.7,93.8,2.607,2.560,12.51,50.53,6.3,6.6,0.7,4.0,0.4313
100,2020/12/10,Month 16,10,16,95.0,2.372,2.505,5.3,5.0,94.7,2.607,2.560,11.97,55.63,6.7,5.6,0.7,4.3,0.4313
101,2021/01/07,Month 17,1,17,95.4,2.389,2.505,4.6,4.6,95.4,2.607,2.560,10.96,57.76,6.3,4.9,0.7,3.9,0.4593
102,2021/01/07,Month 17,2,17,95.4,2.342,2.505,6.5,4.6,93.5,2.607,2.560,12.71,48.82,6.2,7.0,0.7,3.9,0.4593
103,2021/01/07,Month 17,3,17,95.1,2.348,2.505,6.3,4.9,93.7,2.607,2.560,12.77,50.90,6.5,6.7,0.7,4.2,0.4593
104,2021/01/07,Month 17,4,17,95.1,2.358,2.505,5.9,4.9,94.1,2.607,2.560,12.39,52.65,6.5,6.2,0.7,4.2,0.4593
105,2021/01/07,Month 17,5,17,95.2,2.375,2.505,5.2,4.8,94.8,2.607,2.560,11.67,55.53,6.5,5.5,0.7,4.1,0.4593
106,2021/01/07,Month 17,6,17,95.2,2.351,2.505,6.1,4.8,93.9,2.607,2.560,12.56,51.06,6.4,6.6,0.7,4.1,0.4593
107,2021/01/07,Month 17,7,17,95.1,2.357,2.505,5.9,4.9,94.1,2.607,2.560,12.43,52.47,6.5,6.3,0.7,4.2,0.4593
108,2021/01/07,Month 17,8,17,95.1,2.347,2.505,6.3,4.9,93.7,2.607,2.560,12.80,50.74,6.5,6.7,0.7,4.2,0.4593
109,2021/01/07,Month 17,9,17,95.0,2.344,2.505,6.4,5.0,93.6,2.607,2.560,13.01,50.58,6.6,6.9,0.7,4.3,0.4593
110,2021/01/07,Month 17,10,17,95.0,2.359,2.505,5.8,5.0,94.2,2.607,2.560,12.45,53.18,6.6,6.2,0.7,4.3,0.4593
111,2021/02/11,Month 18,1,18,95.4,2.367,2.505,5.5,4.6,94.5,2.607,2.560,11.78,53.24,6.3,5.8,0.7,3.9,0.4876
112,2021/02/11,Month 18,2,18,95.4,2.358,2.505,5.9,4.6,94.1,2.607,2.560,12.12,51.57,6.2,6.2,0.7,3.9,0.4876
113,2021/02/11,Month 18,3,18,95.2,2.382,2.505,4.9,4.8,95.1,2.607,2.560,11.41,56.96,6.5,5.2,0.7,4.1,0.4876
114,2021/02/11,Month 18,4,18,95.2,2.351,2.505,6.1,4.8,93.9,2.607,2.560,12.56,51.06,6.4,6.6,0.7,4.1,0.4876
115,2021/02/11,Month 18,5,18,95.3,2.328,2.505,7.1,4.7,92.9,2.607,2.560,13.33,46.98,6.3,7.6,0.7,4.0,0.4876
116,2021/02/11,Month 18,6,18,95.3,2.324,2.505,7.2,4.7,92.8,2.607,2.560,13.48,46.38,6.3,7.8,0.7,4.0,0.4876
117,2021/02/11,Month 18,7,18,95.2,2.359,2.505,5.8,4.8,94.2,2.607,2.560,12.27,52.48,6.4,6.2,0.7,4.1,0.4876
118,2021/02/11,Month 18,8,18,95.2,2.358,2.505,5.9,4.8,94.1,2.607,2.560,12.30,52.30,6.4,6.2,0.7,4.1,0.4876
119,2021/02/11,Month 18,9,18,95.3,2.380,2.505,5.0,4.7,95.0,2.607,2.560,11.39,56.19,6.4,5.3,0.7,4.0,0.4876
120,2021/02/11,Month 18,10,18,95.3,2.381,2.505,5.0,4.7,95.0,2.607,2.560,11.35,56.40,6.4,5.2,0.7,4.0,0.4876
121,2021/03/18,Month 19,1,19,95.4,2.360,2.505,5.8,4.6,94.2,2.607,2.560,12.04,51.94,6.3,6.1,0.7,3.9,0.5159
122,2021/03/18,Month 19,2,19,95.3,2.329,2.505,7.0,4.7,93.0,2.607,2.560,13.29,47.13,6.3,7.6,0.7,4.0,0.5159
123,2021/03/18,Month 19,3,19,95.2,2.342,2.505,6.5,4.8,93.5,2.607,2.560,12.90,49.55,6.4,7.0,0.7,4.1,0.5159
124,2021/03/18,Month 19,4,19,95.0,2.335,2.505,6.8,5.0,93.2,2.607,2.560,13.34,49.13,6.6,7.3,0.7,4.3,0.5159
125,2021/03/18,Month 19,5,19,94.9,2.364,2.505,5.6,5.1,94.4,2.607,2.560,12.36,54.45,6.7,6.0,0.7,4.4,0.5159
126,2021/03/18,Month 19,6,19,95.5,2.385,2.505,4.8,4.5,95.2,2.607,2.560,11.02,56.52,6.2,5.0,0.7,3.8,0.5159
127,2021/03/18,Month 19,7,19,95.1,2.379,2.505,5.0,4.9,95.0,2.607,2.560,11.61,56.69,6.6,5.3,0.7,4.2,0.5159
128,2021/03/18,Month 19,8,19,95.6,2.351,2.505,6.1,4.4,93.9,2.607,2.560,12.20,49.59,6.0,6.6,0.7,3.7,0.5159
129,2021/03/18,Month 19,9,19,95.3,2.384,2.505,4.8,4.7,95.2,2.607,2.560,11.24,57.03,6.4,5.1,0.7,4.0,0.5159
130,2021/03/18,Month 19,10,19,95.2,2.365,2.505,5.6,4.8,94.4,2.607,2.560,12.04,53.59,6.5,5.9,0.7,4.1,0.5159
131,2021/07/10,Month 23,1,23,95.3,2.361,2.505,5.7,4.7,94.3,2.607,2.560,12.10,52.49,6.3,6.1,0.7,4.0,0.6307
132,2021/07/10,Month 23,2,23,95.6,2.328,2.505,7.1,4.4,92.9,2.607,2.560,13.05,45.87,6.0,7.6,0.7,3.7,0.6307
133,2021/07/10,Month 23,3,23,95.2,2.358,2.505,5.9,4.8,94.1,2.607,2.560,12.30,52.30,6.4,6.2,0.7,4.1,0.6307
134,2021/07/10,Month 23,4,23,95.3,2.367,2.505,5.5,4.7,94.5,2.607,2.560,11.88,53.61,6.4,5.8,0.7,4.0,0.6307
135,2021/07/10,Month 23,5,23,95.6,2.351,2.505,6.1,4.4,93.9,2.607,2.560,12.20,49.59,6.0,6.6,0.7,3.7,0.6307
136,2021/07/10,Month 23,6,23,95.3,2.385,2.505,4.8,4.7,95.2,2.607,2.560,11.20,57.25,6.4,5.0,0.7,4.0,0.6307
137,2021/07/10,Month 23,7,23,95.2,2.380,2.505,5.0,4.8,95.0,2.607,2.560,11.48,56.55,6.5,5.3,0.7,4.1,0.6307
138,2021/07/10,Month 23,8,23,95.1,2.369,2.505,5.4,4.9,94.6,2.607,2.560,11.99,54.70,6.6,5.7,0.7,4.2,0.6307
139,2021/07/10,Month 23,9,23,95.2,2.369,2.505,5.4,4.8,94.6,2.607,2.560,11.89,54.35,6.5,5.7,0.7,4.1,0.6307
140,2021/07/10,Month 23,10,23,95.3,2.361,2.505,5.7,4.7,94.3,2.607,2.560,12.10,52.49,6.3,6.1,0.7,4.0,0.6307
141,2021/08/10,Month 24,1,24,95.5,2.357,2.505,5.9,4.5,94.1,2.607,2.560,12.06,51.02,6.2,6.3,0.7,3.8,0.6598
142,2021/08/10,Month 24,2,24,95.5,2.366,2.505,5.5,4.5,94.5,2.607,2.560,11.73,52.68,6.2,5.9,0.7,3.8,0.6598
143,2021/08/10,Month 24,3,24,95.3,2.392,2.505,4.5,4.7,95.5,2.607,2.560,10.94,58.78,6.4,4.7,0.7,4.0,0.6598
144,2021/08/10,Month 24,4,24,95.3,2.388,2.505,4.7,4.7,95.3,2.607,2.560,11.09,57.90,6.4,4.9,0.7,4.0,0.6598
145,2021/08/10,Month 24,5,24,95.4,2.364,2.505,5.6,4.6,94.4,2.607,2.560,11.89,52.68,6.3,6.0,0.7,3.9,0.6598
146,2021/08/10,Month 24,6,24,95.4,2.338,2.505,6.7,4.6,93.3,2.607,2.560,12.86,48.17,6.2,7.1,0.7,3.9,0.6598
147,2021/08/10,Month 24,7,24,95.2,2.377,2.505,5.1,4.8,94.9,2.607,2.560,11.60,55.93,6.5,5.4,0.7,4.1,0.6598
148,2021/08/10,Month 24,8,24,95.2,2.338,2.505,6.7,4.8,93.3,2.607,2.560,13.05,48.90,6.4,7.1,0.7,4.1,0.6598
149,2021/08/10,Month 24,9,24,95.1,2.367,2.505,5.5,4.9,94.5,2.607,2.560,12.06,54.32,6.6,5.8,0.7,4.2,0.6598
150,2021/08/10,Month 24,10,24,95.1,2.348,2.505,6.3,4.9,93.7,2.607,2.560,12.77,50.90,6.5,6.7,0.7,4.2,0.6598
151,2021/09/15,Month 25,1,25,95.6,2.358,2.505,5.9,4.4,94.1,2.607,2.560,11.93,50.83,6.1,6.2,0.7,3.7,0.6890
152,2021/09/15,Month 25,2,25,95.5,2.367,2.505,5.5,4.5,94.5,2.607,2.560,11.69,52.87,6.2,5.8,0.7,3.8,0.6890
153,2021/09/15,Month 25,3,25,95.4,2.389,2.505,4.6,4.6,95.4,2.607,2.560,10.96,57.76,6.3,4.9,0.7,3.9,0.6890
154,2021/09/15,Month 25,4,25,95.4,2.344,2.505,6.4,4.6,93.6,2.607,2.560,12.64,49.15,6.2,6.9,0.7,3.9,0.6890
155,2021/09/15,Month 25,5,25,95.4,2.368,2.505,5.5,4.6,94.5,2.607,2.560,11.75,53.44,6.3,5.8,0.7,3.9,0.6890
156,2021/09/15,Month 25,6,25,95.4,2.373,2.505,5.3,4.6,94.7,2.607,2.560,11.56,54.41,6.3,5.6,0.7,3.9,0.6890
157,2021/09/15,Month 25,7,25,95.4,2.352,2.505,6.1,4.6,93.9,2.607,2.560,12.34,50.51,6.2,6.5,0.7,3.9,0.6890
158,2021/09/15,Month 25,8,25,95.5,2.357,2.505,5.9,4.5,94.1,2.607,2.560,12.06,51.02,6.2,6.3,0.7,3.8,0.6890
159,2021/09/15,Month 25,9,25,95.1,2.369,2.505,5.4,4.9,94.6,2.607,2.560,11.99,54.70,6.6,5.7,0.7,4.2,0.6890
160,2021/09/15,Month 25,10,25,95.6,2.372,2.505,5.3,4.4,94.7,2.607,2.560,11.41,53.47,6.1,5.6,0.7,3.7,0.6890
161,2021/10/22,Month 26,1,26,95.5,2.372,2.505,5.3,4.5,94.7,2.607,2.560,11.50,53.85,6.2,5.6,0.7,3.8,0.7183
162,2021/10/22,Month 26,2,26,95.5,2.349,2.505,6.2,4.5,93.8,2.607,2.560,12.36,49.62,6.1,6.6,0.7,3.8,0.7183
163,2021/10/22,Month 26,3,26,95.6,2.367,2.505,5.5,4.4,94.5,2.607,2.560,11.60,52.50,6.1,5.8,0.7,3.7,0.7183
164,2021/10/22,Month 26,4,26,95.6,2.355,2.505,6.0,4.4,94.0,2.607,2.560,12.05,50.29,6.1,6.4,0.7,3.7,0.7183
165,2021/10/22,Month 26,5,26,95.5,2.356,2.505,5.9,4.5,94.1,2.607,2.560,12.10,50.84,6.2,6.3,0.7,3.8,0.7183
166,2021/10/22,Month 26,6,26,95.5,2.388,2.505,4.7,4.5,95.3,2.607,2.560,10.91,57.18,6.2,4.9,0.7,3.8,0.7183
167,2021/10/22,Month 26,7,26,95.4,2.378,2.505,5.1,4.6,94.9,2.607,2.560,11.37,55.42,6.3,5.3,0.7,3.9,0.7183
168,2021/10/22,Month 26,8,26,95.4,2.353,2.505,6.1,4.6,93.9,2.607,2.560,12.30,50.69,6.2,6.5,0.7,3.9,0.7183
169,2021/10/22,Month 26,9,26,95.6,2.365,2.505,5.6,4.4,94.4,2.607,2.560,11.67,52.12,6.1,5.9,0.7,3.7,0.7183
170,2021/10/22,Month 26,10,26,95.6,2.374,2.505,5.2,4.4,94.8,2.607,2.560,11.34,53.87,6.1,5.5,0.7,3.7,0.7183
171,2021/11/26,Month 27,1,27,95.4,2.375,2.505,5.2,4.6,94.8,2.607,2.560,11.48,54.81,6.3,5.5,0.7,3.9,0.7478
172,2021/11/26,Month 27,2,27,95.4,2.343,2.505,6.5,4.6,93.5,2.607,2.560,12.68,48.99,6.2,6.9,0.7,3.9,0.7478
173,2021/11/26,Month 27,3,27,95.5,2.355,2.505,6.0,4.5,94.0,2.607,2.560,12.14,50.67,6.1,6.4,0.7,3.8,0.7478
174,2021/11/26,Month 27,4,27,95.5,2.347,2.505,6.3,4.5,93.7,2.607,2.560,12.44,49.28,6.1,6.7,0.7,3.8,0.7478
175,2021/11/26,Month 27,5,27,95.5,2.388,2.505,4.7,4.5,95.3,2.607,2.560,10.91,57.18,6.2,4.9,0.7,3.8,0.7478
176,2021/11/26,Month 27,6,27,95.3,2.385,2.505,4.8,4.7,95.2,2.607,2.560,11.20,57.25,6.4,5.0,0.7,4.0,0.7478
177,2021/11/26,Month 27,7,27,95.3,2.370,2.505,5.4,4.7,94.6,2.607,2.560,11.76,54.19,6.4,5.7,0.7,4.0,0.7478
178,2021/11/26,Month 27,8,27,95.6,2.368,2.505,5.5,4.4,94.5,2.607,2.560,11.56,52.69,6.1,5.8,0.7,3.7,0.7478
179,2021/11/26,Month 27,9,27,95.6,2.372,2.505,5.3,4.4,94.7,2.607,2.560,11.41,53.47,6.1,5.6,0.7,3.7,0.7478
180,2021/11/26,Month 27,10,27,95.5,2.379,2.505,5.0,4.5,95.0,2.607,2.560,11.24,55.26,6.2,5.3,0.7,3.8,0.7478
181,2022/07/05,Month 35,1,35,95.6,2.413,2.505,3.7,4.4,96.3,2.607,2.560,9.87,62.90,6.2,3.8,0.7,3.7,0.9889
182,2022/07/05,Month 35,2,35,95.3,2.343,2.505,6.5,4.7,93.5,2.607,2.560,12.80,49.45,6.3,6.9,0.7,4.0,0.9889
183,2022/07/05,Month 35,3,35,95.5,2.386,2.505,4.7,4.5,95.3,2.607,2.560,10.97,56.82,6.2,5.0,0.7,3.8,0.9889
184,2022/07/05,Month 35,4,35,95.4,2.344,2.505,6.4,4.6,93.6,2.607,2.560,12.69,49.31,6.3,6.9,0.7,3.9,0.9889
185,2022/07/05,Month 35,5,35,95.5,2.353,2.505,6.1,4.5,93.9,2.607,2.560,12.22,50.26,6.1,6.5,0.7,3.8,0.9889
186,2022/07/05,Month 35,6,35,95.4,2.387,2.505,4.7,4.6,95.3,2.607,2.560,11.03,57.38,6.3,4.9,0.7,3.9,0.9889
187,2022/07/05,Month 35,7,35,95.4,2.373,2.505,5.3,4.6,94.7,2.607,2.560,11.54,54.34,6.3,5.6,0.7,3.8,0.9889
188,2022/07/05,Month 35,8,35,95.6,2.372,2.505,5.3,4.4,94.7,2.607,2.560,11.43,53.48,6.1,5.6,0.7,3.7,0.9889